<?xml version="1.0"?>
<doc>
    <assembly>
        <name>HelixToolkit</name>
    </assembly>
    <members>
        <member name="T:HelixToolkit.DoubleKeyDictionary`3">
            <summary>
            A double key dictionary.
            </summary>
            <typeparam name="K">
            The first key type.
            </typeparam>
            <typeparam name="T">
            The second key type.
            </typeparam>
            <typeparam name="V">
            The value type.
            </typeparam>
            <remarks>
            See http://noocyte.wordpress.com/2008/02/18/double-key-dictionary/
            A Remove method was added.
            </remarks>
        </member>
        <member name="P:HelixToolkit.DoubleKeyDictionary`3.OuterDictionary">
            <summary>
            Gets or sets OuterDictionary.
            </summary>
        </member>
        <member name="P:HelixToolkit.DoubleKeyDictionary`3.Item(`0,`1)">
            <summary>
            Gets or sets the value with the specified indices.
            </summary>
            <value></value>
        </member>
        <member name="M:HelixToolkit.DoubleKeyDictionary`3.Clear">
            <summary>
            Clears this dictionary.
            </summary>
        </member>
        <member name="M:HelixToolkit.DoubleKeyDictionary`3.Add(`0,`1,`2)">
            <summary>
            Adds the specified key.
            </summary>
            <param name="key1">
            The key1.
            </param>
            <param name="key2">
            The key2.
            </param>
            <param name="value">
            The value.
            </param>
        </member>
        <member name="M:HelixToolkit.DoubleKeyDictionary`3.ContainsKey(`0,`1)">
            <summary>
            Determines whether the specified dictionary contains the key.
            </summary>
            <param name="index1">
            The index1.
            </param>
            <param name="index2">
            The index2.
            </param>
            <returns>
            <c>true</c> if the specified index1 contains key; otherwise, <c>false</c>.
            </returns>
        </member>
        <member name="M:HelixToolkit.DoubleKeyDictionary`3.Equals(System.Object)">
            <inheritdoc />
        </member>
        <member name="M:HelixToolkit.DoubleKeyDictionary`3.Equals(HelixToolkit.DoubleKeyDictionary{`0,`1,`2})">
            <summary>
            Equalses the specified other.
            </summary>
            <param name="other">
            The other.
            </param>
            <returns>
            The equals.
            </returns>
        </member>
        <member name="M:HelixToolkit.DoubleKeyDictionary`3.GetEnumerator">
            <summary>
            Gets the enumerator.
            </summary>
            <returns>
            </returns>
        </member>
        <member name="M:HelixToolkit.DoubleKeyDictionary`3.Remove(`0,`1)">
            <summary>
            Removes the specified key.
            </summary>
            <param name="key1">
            The key1.
            </param>
            <param name="key2">
            The key2.
            </param>
        </member>
        <member name="M:HelixToolkit.DoubleKeyDictionary`3.System#Collections#IEnumerable#GetEnumerator">
            <summary>
            Returns an enumerator that iterates through a collection.
            </summary>
            <returns>
            An <see cref="T:System.Collections.IEnumerator"/> object that can be used to iterate through the collection.
            </returns>
        </member>
        <member name="M:HelixToolkit.DoubleKeyDictionary`3.TryGetValue(`0,`1,`2@)">
            <summary>
            
            </summary>
            <param name="key1"></param>
            <param name="key2"></param>
            <param name="obj"></param>
            <returns></returns>
        </member>
        <member name="P:HelixToolkit.DoubleKeyDictionary`3.Values">
            <summary>
            Gets the values.
            </summary>
            <value>
            The values.
            </value>
        </member>
        <member name="T:HelixToolkit.DoubleKeyPairValue`3">
            <summary>
            Represents two keys and a value.
            </summary>
            <typeparam name="K">
            First key type.
            </typeparam>
            <typeparam name="T">
            Second key type.
            </typeparam>
            <typeparam name="V">
            Value type.
            </typeparam>
        </member>
        <member name="M:HelixToolkit.DoubleKeyPairValue`3.#ctor(`0,`1,`2)">
            <summary>
            Initializes a new instance of the <see cref="T:HelixToolkit.DoubleKeyPairValue`3"/> class.
            </summary>
            <param name="key1">
            The key1.
            </param>
            <param name="key2">
            The key2.
            </param>
            <param name="value">
            The value.
            </param>
        </member>
        <member name="P:HelixToolkit.DoubleKeyPairValue`3.Key1">
            <summary>
            Gets or sets the key1.
            </summary>
            <value>The key1.</value>
        </member>
        <member name="P:HelixToolkit.DoubleKeyPairValue`3.Key2">
            <summary>
            Gets or sets the key2.
            </summary>
            <value>The key2.</value>
        </member>
        <member name="P:HelixToolkit.DoubleKeyPairValue`3.Value">
            <summary>
            Gets or sets the value.
            </summary>
            <value>The value.</value>
        </member>
        <member name="M:HelixToolkit.DoubleKeyPairValue`3.ToString">
            <summary>
            Returns a <see cref="T:System.String"/> that represents this instance.
            </summary>
            <returns>
            A <see cref="T:System.String"/> that represents this instance.
            </returns>
        </member>
        <member name="T:HelixToolkit.FastList`1">
            <summary>
            Similar to <see cref="T:System.Collections.Generic.List`1"/>, with direct access to underlying array.
            </summary>
            <typeparam name="T">The type of elements in the list.</typeparam>
        </member>
        <member name="P:HelixToolkit.FastList`1.Items">
            <summary>
            Gets the items from internal array. Make sure to access this array using <see cref="P:HelixToolkit.FastList`1.Count"/> instead of Array Length
            </summary>
        </member>
        <member name="M:HelixToolkit.FastList`1.Clear(System.Boolean)">
            <summary>
            Clears this list with a fast-clear option.
            </summary>
            <param name="fastClear">if set to <c>true</c> this method only resets the count elements but doesn't clear items referenced already stored in the list.</param>
        </member>
        <member name="M:HelixToolkit.FastList`1.AddAll(HelixToolkit.FastList{`0})">
            <summary>
            Fast add all from another <see cref="T:HelixToolkit.FastList`1"/>.
            </summary>
            <param name="list">The list.</param>
        </member>
        <member name="M:HelixToolkit.FastList`1.GetInternalArray">
            <summary>
            Gets the internal array used to hold data.
            </summary>
            <returns></returns>
        </member>
        <member name="M:HelixToolkit.FastList`1.Swap(HelixToolkit.FastList{`0})">
            <summary>
            Swap two fast list contents
            </summary>
            <param name="collection"></param>
        </member>
        <member name="T:HelixToolkit.HelixToolkitException">
            <summary>
            Represents errors that occurs in the Helix 3D Toolkit.
            </summary>
        </member>
        <member name="M:HelixToolkit.HelixToolkitException.#ctor(System.String,System.Object[])">
            <summary>
            Initializes a new instance of the <see cref="T:HelixToolkit.HelixToolkitException"/> class.
            </summary>
            <param name="formatString">
            The format string.
            </param>
            <param name="args">
            The args.
            </param>
        </member>
        <member name="T:HelixToolkit.Logger.DebugLogger">
            <summary>
            A logger that writes messages in the debug output window only when a debugger is attached.
            </summary>
        </member>
        <member name="M:HelixToolkit.Logger.DebugLogger.#ctor(System.String)">
            <summary>
            Initializes a new instance of the <see cref="T:HelixToolkit.Logger.DebugLogger"/> class.
            </summary>
            <param name="name">The name of the logger.</param>
        </member>
        <member name="M:HelixToolkit.Logger.DebugLogger.BeginScope``1(``0)">
            <inheritdoc />
        </member>
        <member name="M:HelixToolkit.Logger.DebugLogger.IsEnabled(Microsoft.Extensions.Logging.LogLevel)">
            <inheritdoc />
        </member>
        <member name="M:HelixToolkit.Logger.DebugLogger.Log``1(Microsoft.Extensions.Logging.LogLevel,Microsoft.Extensions.Logging.EventId,``0,System.Exception,System.Func{``0,System.Exception,System.String})">
            <inheritdoc />
        </member>
        <member name="T:HelixToolkit.Logger.LogManager">
            <summary>
            
            </summary>
        </member>
        <member name="P:HelixToolkit.Logger.LogManager.Factory">
            <summary>
            Replace factory at app start up to use custom logger.
            </summary>
        </member>
        <member name="M:HelixToolkit.Logger.LogManager.Create``1">
            <summary>
            
            </summary>
            <typeparam name="T"></typeparam>
            <returns></returns>
        </member>
        <member name="M:HelixToolkit.Logger.LogManager.Create(System.String)">
            <summary>
            
            </summary>
            <param name="categoryName"></param>
            <returns></returns>
        </member>
        <member name="M:HelixToolkit.NativeHelper.SizeOf``1">
            <summary>
            SizeOf an unmanaged struct
            </summary>
            <typeparam name="T"></typeparam>
            <returns></returns>
        </member>
        <member name="M:HelixToolkit.NativeHelper.SizeOf``1(``0[])">
            <summary>
            SizeOf array of unmanaged struct by bytes
            </summary>
            <typeparam name="T"></typeparam>
            <param name="array"></param>
            <returns></returns>
        </member>
        <member name="M:HelixToolkit.NativeHelper.SizeOf``1(``0@)">
            <summary>
            SizeOf an unmanaged struct
            </summary>
            <typeparam name="T"></typeparam>
            <param name="_"></param>
            <returns></returns>
        </member>
        <member name="M:HelixToolkit.NativeHelper.MemoryCopy(System.IntPtr,System.IntPtr,System.UInt32)">
            <summary>
            Unsafe memory copy
            </summary>
            <param name="dst"></param>
            <param name="src"></param>
            <param name="sizeInBytes"></param>
        </member>
        <member name="M:HelixToolkit.NativeHelper.ClearMemory(System.IntPtr,System.Byte,System.UInt32)">
            <summary>
            Clears the memory.
            </summary>
            <param name="dest">The dest.</param>
            <param name="value">The value.</param>
            <param name="sizeInBytesToClear">The size in bytes to clear.</param>
        </member>
        <member name="M:HelixToolkit.NativeHelper.ReadAndPosition``1(System.IntPtr,``0@)">
            <summary>
            Reads the specified T data from a memory location.
            </summary>
            <typeparam name="T">Type of a data to read.</typeparam>
            <param name="source">Memory location to read from.</param>
            <param name="data">The data write to.</param>
            <returns>source pointer + sizeof(T).</returns>
        </member>
        <member name="M:HelixToolkit.NativeHelper.Swap``1(``0@,``0@)">
            <summary>
            Swaps the value between two references.
            </summary>
            <typeparam name="T">Type of a data to swap.</typeparam>
            <param name="left">The left value.</param>
            <param name="right">The right value.</param>
        </member>
        <member name="M:HelixToolkit.NativeHelper.Read``1(System.IntPtr)">
            <summary>
            Reads the specified T data from a memory location.
            </summary>
            <typeparam name="T">Type of a data to read.</typeparam>
            <param name="source">Memory location to read from.</param>
            <returns>The data read from the memory location.</returns>
        </member>
        <member name="M:HelixToolkit.NativeHelper.Read``1(System.IntPtr,``0@)">
            <summary>
            Reads the specified T data from a memory location.
            </summary>
            <typeparam name="T">Type of a data to read.</typeparam>
            <param name="source">Memory location to read from.</param>
            <param name="data">The data write to.</param>
            <returns>source pointer + sizeof(T).</returns>
        </member>
        <member name="M:HelixToolkit.NativeHelper.ReadOut``1(System.IntPtr,``0@)">
            <summary>
            Reads the specified T data from a memory location.
            </summary>
            <typeparam name="T">Type of a data to read.</typeparam>
            <param name="source">Memory location to read from.</param>
            <param name="data">The data write to.</param>
            <returns>source pointer + sizeof(T).</returns>
        </member>
        <member name="M:HelixToolkit.NativeHelper.Read``1(System.IntPtr,``0[],System.UInt32,System.UInt32)">
            <summary>
            Reads the specified array T[] data from a memory location.
            </summary>
            <typeparam name="T">Type of a data to read.</typeparam>
            <param name="source">Memory location to read from.</param>
            <param name="data">The data write to.</param>
            <param name="offset">The offset in the array to write to.</param>
            <param name="count">The number of T element to read from the memory location.</param>
            <returns>source pointer + sizeof(T) * count.</returns>
        </member>
        <member name="M:HelixToolkit.NativeHelper.ReadStream(System.IO.Stream)">
            <summary>
            Read stream to a byte[] buffer.
            </summary>
            <param name="stream">Input stream.</param>
            <returns>A byte[] buffer.</returns>
        </member>
        <member name="M:HelixToolkit.NativeHelper.ReadStream(System.IO.Stream,System.Int32@)">
            <summary>
            Read stream to a byte[] buffer.
            </summary>
            <param name="stream">Input stream.</param>
            <param name="readLength">Length to read.</param>
            <returns>A byte[] buffer.</returns>
        </member>
        <member name="M:HelixToolkit.NativeHelper.Write``1(System.IntPtr,``0)">
            <summary>
            Writes the specified T data to a memory location.
            </summary>
            <typeparam name="T">Type of a data to write.</typeparam>
            <param name="destination">Memory location to write to.</param>
            <param name="data">The data to write.</param>
            <returns>destination pointer + sizeof(T).</returns>
        </member>
        <member name="M:HelixToolkit.NativeHelper.Write``1(System.IntPtr,``0@)">
            <summary>
            Writes the specified T data to a memory location.
            </summary>
            <typeparam name="T">Type of a data to write.</typeparam>
            <param name="destination">Memory location to write to.</param>
            <param name="data">The data to write.</param>
            <returns>destination pointer + sizeof(T).</returns>
        </member>
        <member name="M:HelixToolkit.NativeHelper.Write``1(System.IntPtr,System.Int32,``0@)">
            <summary>
            Writes the specified T data to a memory location with offset
            </summary>
            <typeparam name="T"></typeparam>
            <param name="destination"></param>
            <param name="offset"></param>
            <param name="data"></param>
            <returns></returns>
        </member>
        <member name="M:HelixToolkit.NativeHelper.Write``1(System.IntPtr,``0[],System.UInt32,System.UInt32)">
            <summary>
            Writes the specified array T[] data to a memory location.
            </summary>
            <typeparam name="T">Type of a data to write.</typeparam>
            <param name="destination">Memory location to write to.</param>
            <param name="data">The array of T data to write.</param>
            <param name="offset">The offset in the array to read from.</param>
            <param name="count">The number of T element to write to the memory location.</param>
            <returns>destination pointer + sizeof(T) * count.</returns>
        </member>
        <member name="M:HelixToolkit.NativeHelper.StructIsSame``1(``0@,``0@)">
            <summary>
            Compare two structs are the same.
            </summary>
            <typeparam name="T"></typeparam>
            <param name="s1"></param>
            <param name="s2"></param>
            <returns></returns>
        </member>
        <member name="M:HelixToolkit.NativeHelper.StructIsSame4BytesAligned``1(``0@,``0@)">
            <summary>
            Compare two structs are the same. To use this function, struct must be 4 bytes aligned.
            </summary>
            <typeparam name="T"></typeparam>
            <param name="s1"></param>
            <param name="s2"></param>
            <returns></returns>
        </member>
        <member name="T:HelixToolkit.Noise2d">
            <summary>
            Implements improved Perlin noise in 2D. 
            Transcribed from http://www.siafoo.net/snippet/144?nolinenos#perlin2003
            From StackOverflow: https://stackoverflow.com/questions/8659351/2d-perlin-noise
            </summary>
        </member>
        <member name="M:HelixToolkit.Noise2d.Reseed">
            <summary>
            generate a new permutation.
            </summary>
        </member>
        <member name="M:HelixToolkit.Noise2d.Noise(System.Single,System.Single)">
            <summary>
            Noises the specified x.
            </summary>
            <param name="x">The x.</param>
            <param name="y">The y.</param>
            <returns></returns>
        </member>
        <member name="M:HelixToolkit.Noise2d.GenerateNoiseMap(System.Int32,System.Int32,System.Int32,System.Single[]@)">
            <summary>
            Generates the noise map.
            From https://stackoverflow.com/questions/8659351/2d-perlin-noise
            </summary>
            <param name="width">The width.</param>
            <param name="height">The height.</param>
            <param name="result">The result.</param>
            <param name="octaves">The octaves.</param>
        </member>
        <member name="T:HelixToolkit.StringExtensions">
            <summary>
            Extension methods for strings.
            </summary>
        </member>
        <member name="F:HelixToolkit.StringExtensions.oneOrMoreWhitespaces">
            <summary>
            A regular expression containing "a one or more whitespaces" pattern.
            </summary>
        </member>
        <member name="M:HelixToolkit.StringExtensions.SplitOnWhitespace(System.String)">
            <summary>
            Splits the string on whitespace.
            </summary>
            <param name="input">The input string.</param>
            <returns>Array of strings.</returns>
        </member>
        <member name="M:HelixToolkit.StringExtensions.EnumerateToString(System.Collections.IEnumerable,System.String,System.String)">
            <summary>
            Creates a string from the items in an enumerable.
            </summary>
            <param name="items">The items.</param>
            <param name="prefix">The prefix.</param>
            <param name="separator">The separator.</param>
            <returns>
            A string.
            </returns>
        </member>
        <member name="M:HelixToolkit.TokenizerHelper.#ctor(System.String,System.IFormatProvider)">
            <summary> 
            Constructor for TokenizerHelper which accepts an IFormatProvider.
            If the IFormatProvider is null, we use the thread's IFormatProvider info. 
            We will use ',' as the list separator, unless it's the same as the
            decimal separator.  If it *is*, then we can't determine if, say, "23,5" is one
            number or two.  In this case, we will use ";" as the separator.
            </summary> 
            <param name="str"> The string which will be tokenized. </param>
            <param name="formatProvider"> The IFormatProvider which controls this tokenization. </param> 
        </member>
        <member name="M:HelixToolkit.TokenizerHelper.#ctor(System.String,System.Char,System.Char)">
            <summary>
            Initialize the TokenizerHelper with the string to tokenize,
            the char which represents quotes and the list separator.
            </summary> 
            <param name="str"> The string to tokenize. </param>
            <param name="quoteChar"> The quote char. </param> 
            <param name="separator"> The list separator. </param> 
        </member>
        <member name="M:HelixToolkit.TokenizerHelper.Initialize(System.String,System.Char,System.Char)">
            <summary>
            Initialize the TokenizerHelper with the string to tokenize,
            the char which represents quotes and the list separator.
            </summary> 
            <param name="str"> The string to tokenize. </param>
            <param name="quoteChar"> The quote char. </param> 
            <param name="separator"> The list separator. </param> 
        </member>
        <member name="M:HelixToolkit.TokenizerHelper.LastTokenRequired">
            <summary> 
            Throws an exception if there is any non-whitespace left un-parsed.
            </summary> 
        </member>
        <member name="M:HelixToolkit.TokenizerHelper.NextToken">
            <summary> 
            Advances to the NextToken
            </summary>
            <returns>true if next token was found, false if at end of string</returns>
        </member>
        <member name="M:HelixToolkit.TokenizerHelper.NextTokenRequired">
            <summary> 
            Advances to the NextToken, throwing an exception if not present
            </summary>
            <returns>The next token found</returns>
        </member>
        <member name="M:HelixToolkit.TokenizerHelper.NextTokenRequired(System.Boolean)">
            <summary>
            Advances to the NextToken, throwing an exception if not present 
            </summary> 
            <returns>The next token found</returns>
        </member>
        <member name="M:HelixToolkit.TokenizerHelper.NextToken(System.Boolean)">
            <summary>
            Advances to the NextToken
            </summary>
            <returns>true if next token was found, false if at end of string</returns> 
        </member>
        <member name="M:HelixToolkit.TokenizerHelper.NextToken(System.Boolean,System.Char)">
            <summary>
            Advances to the NextToken.  A separator character can be specified
            which overrides the one previously set. 
            </summary>
            <returns>true if next token was found, false if at end of string</returns> 
        </member>
        <member name="T:System.Runtime.CompilerServices.CallerArgumentExpressionAttribute">
            <summary>
            An attribute that allows parameters to receive the expression of other parameters.
            </summary>
        </member>
        <member name="M:System.Runtime.CompilerServices.CallerArgumentExpressionAttribute.#ctor(System.String)">
            <summary>
            Initializes a new instance of the <see cref="T:System.Runtime.CompilerServices.CallerArgumentExpressionAttribute"/> class.
            </summary>
            <param name="parameterName">The condition parameter value.</param>
        </member>
        <member name="P:System.Runtime.CompilerServices.CallerArgumentExpressionAttribute.ParameterName">
            <summary>
            Gets the parameter name the expression is retrieved from.
            </summary>
        </member>
        <member name="M:System.Runtime.CompilerServices.CollectionBuilderAttribute.#ctor(System.Type,System.String)">
            <summary>
            Initialize the attribute to refer to the <paramref name="methodName"/> method on the <paramref name="builderType"/> type.
            </summary>
            <param name="builderType">The type of the builder to use to construct the collection.</param>
            <param name="methodName">The name of the method on the builder to use to construct the collection.</param>
            <remarks>
            <paramref name="methodName"/> must refer to a static method that accepts a single parameter of
            type <see cref="T:System.ReadOnlySpan`1"/> and returns an instance of the collection being built containing
            a copy of the data from that span.  In future releases of .NET, additional patterns may be supported.
            </remarks>
        </member>
        <member name="P:System.Runtime.CompilerServices.CollectionBuilderAttribute.BuilderType">
            <summary>
            Gets the type of the builder to use to construct the collection.
            </summary>
        </member>
        <member name="P:System.Runtime.CompilerServices.CollectionBuilderAttribute.MethodName">
            <summary>
            Gets the name of the method on the builder to use to construct the collection.
            </summary>
            <remarks>
            This should match the metadata name of the target method.
            For example, this might be ".ctor" if targeting the type's constructor.
            </remarks>
        </member>
        <member name="T:System.Runtime.CompilerServices.CompilerFeatureRequiredAttribute">
            <summary>
            Indicates that compiler support for a particular feature is required for the location where this attribute is applied.
            </summary>
        </member>
        <member name="M:System.Runtime.CompilerServices.CompilerFeatureRequiredAttribute.#ctor(System.String)">
            <summary>
            Creates a new instance of the <see cref="T:System.Runtime.CompilerServices.CompilerFeatureRequiredAttribute"/> type.
            </summary>
            <param name="featureName">The name of the feature to indicate.</param>
        </member>
        <member name="P:System.Runtime.CompilerServices.CompilerFeatureRequiredAttribute.FeatureName">
            <summary>
            The name of the compiler feature.
            </summary>
        </member>
        <member name="P:System.Runtime.CompilerServices.CompilerFeatureRequiredAttribute.IsOptional">
            <summary>
            If true, the compiler can choose to allow access to the location where this attribute is applied if it does not understand <see cref="P:System.Runtime.CompilerServices.CompilerFeatureRequiredAttribute.FeatureName"/>.
            </summary>
        </member>
        <member name="F:System.Runtime.CompilerServices.CompilerFeatureRequiredAttribute.RefStructs">
            <summary>
            The <see cref="P:System.Runtime.CompilerServices.CompilerFeatureRequiredAttribute.FeatureName"/> used for the ref structs C# feature.
            </summary>
        </member>
        <member name="F:System.Runtime.CompilerServices.CompilerFeatureRequiredAttribute.RequiredMembers">
            <summary>
            The <see cref="P:System.Runtime.CompilerServices.CompilerFeatureRequiredAttribute.FeatureName"/> used for the required members C# feature.
            </summary>
        </member>
        <member name="T:System.Runtime.CompilerServices.InterpolatedStringHandlerArgumentAttribute">
            <summary>
            Indicates which arguments to a method involving an interpolated string handler should be passed to that handler.
            </summary>
        </member>
        <member name="M:System.Runtime.CompilerServices.InterpolatedStringHandlerArgumentAttribute.#ctor(System.String)">
            <summary>
            Initializes a new instance of the <see cref="T:System.Runtime.CompilerServices.InterpolatedStringHandlerArgumentAttribute"/> class.
            </summary>
            <param name="argument">The name of the argument that should be passed to the handler.</param>
            <remarks><see langword="null"/> may be used as the name of the receiver in an instance method.</remarks>
        </member>
        <member name="M:System.Runtime.CompilerServices.InterpolatedStringHandlerArgumentAttribute.#ctor(System.String[])">
            <summary>
            Initializes a new instance of the <see cref="T:System.Runtime.CompilerServices.InterpolatedStringHandlerArgumentAttribute"/> class.
            </summary>
            <param name="arguments">The names of the arguments that should be passed to the handler.</param>
            <remarks><see langword="null"/> may be used as the name of the receiver in an instance method.</remarks>
        </member>
        <member name="P:System.Runtime.CompilerServices.InterpolatedStringHandlerArgumentAttribute.Arguments">
            <summary>
            Gets the names of the arguments that should be passed to the handler.
            </summary>
            <remarks><see langword="null"/> may be used as the name of the receiver in an instance method.</remarks>
        </member>
        <member name="T:System.Runtime.CompilerServices.InterpolatedStringHandlerAttribute">
            <summary>
            Indicates the attributed type is to be used as an interpolated string handler.
            </summary>
        </member>
        <member name="T:System.Runtime.CompilerServices.IsExternalInit">
            <summary>
            Reserved to be used by the compiler for tracking metadata.
            This class should not be used by developers in source code.
            </summary>
        </member>
        <member name="T:System.Runtime.CompilerServices.ModuleInitializerAttribute">
             <summary>
             Used to indicate to the compiler that a method should be called
             in its containing module's initializer.
             </summary>
             <remarks>
             When one or more valid methods
             with this attribute are found in a compilation, the compiler will
             emit a module initializer which calls each of the attributed methods.
            
             Certain requirements are imposed on any method targeted with this attribute:
             - The method must be `static`.
             - The method must be an ordinary member method, as opposed to a property accessor, constructor, local function, etc.
             - The method must be parameterless.
             - The method must return `void`.
             - The method must not be generic or be contained in a generic type.
             - The method's effective accessibility must be `internal` or `public`.
            
             The specification for module initializers in the .NET runtime can be found here:
             https://github.com/dotnet/runtime/blob/main/docs/design/specs/Ecma-335-Augments.md#module-initializer
             </remarks>
        </member>
        <member name="T:System.Runtime.CompilerServices.OverloadResolutionPriorityAttribute">
            <summary>
            Specifies the priority of a member in overload resolution. When unspecified, the default priority is 0.
            </summary>
        </member>
        <member name="M:System.Runtime.CompilerServices.OverloadResolutionPriorityAttribute.#ctor(System.Int32)">
            <summary>
            Initializes a new instance of the <see cref="T:System.Runtime.CompilerServices.OverloadResolutionPriorityAttribute"/> class.
            </summary>
            <param name="priority">The priority of the attributed member. Higher numbers are prioritized, lower numbers are deprioritized. 0 is the default if no attribute is present.</param>
        </member>
        <member name="P:System.Runtime.CompilerServices.OverloadResolutionPriorityAttribute.Priority">
            <summary>
            The priority of the member.
            </summary>
        </member>
        <member name="T:System.Runtime.CompilerServices.ParamCollectionAttribute">
            <summary>
            Indicates that a method will allow a variable number of arguments in its invocation.
            </summary>
        </member>
        <member name="T:System.Runtime.CompilerServices.RequiredMemberAttribute">
            <summary>
            Specifies that a type has required members or that a member is required.
            </summary>
        </member>
        <member name="T:System.Runtime.CompilerServices.RequiresLocationAttribute">
            <summary>
            Reserved for use by a compiler for tracking metadata.
            This attribute should not be used by developers in source code.
            </summary>
        </member>
        <member name="T:System.Runtime.CompilerServices.SkipLocalsInitAttribute">
            <summary>
            Used to indicate to the compiler that the <c>.locals init</c> flag should not be set in method headers.
            </summary>
        </member>
        <member name="M:System.Runtime.Versioning.RequiresPreviewFeaturesAttribute.#ctor">
            <summary>
            Initializes a new instance of the <see cref="T:System.Runtime.Versioning.RequiresPreviewFeaturesAttribute"/> class.
            </summary>
        </member>
        <member name="M:System.Runtime.Versioning.RequiresPreviewFeaturesAttribute.#ctor(System.String)">
            <summary>
            Initializes a new instance of the <see cref="T:System.Runtime.Versioning.RequiresPreviewFeaturesAttribute"/> class with the specified message.
            </summary>
            <param name="message">An optional message associated with this attribute instance.</param>
        </member>
        <member name="P:System.Runtime.Versioning.RequiresPreviewFeaturesAttribute.Message">
            <summary>
            Returns the optional message associated with this attribute instance.
            </summary>
        </member>
        <member name="P:System.Runtime.Versioning.RequiresPreviewFeaturesAttribute.Url">
            <summary>
            Returns the optional URL associated with this attribute instance.
            </summary>
        </member>
        <member name="T:System.Diagnostics.CodeAnalysis.AllowNullAttribute">
            <summary>
            Specifies that null is allowed as an input even if the corresponding type disallows it.
            </summary>
        </member>
        <member name="T:System.Diagnostics.CodeAnalysis.ConstantExpectedAttribute">
            <summary>
            Indicates that the specified method parameter expects a constant.
            </summary>
            <remarks>
            This can be used to inform tooling that a constant should be used as an argument for the annotated parameter.
            </remarks>
        </member>
        <member name="P:System.Diagnostics.CodeAnalysis.ConstantExpectedAttribute.Min">
            <summary>
            Indicates the minimum bound of the expected constant, inclusive.
            </summary>
        </member>
        <member name="P:System.Diagnostics.CodeAnalysis.ConstantExpectedAttribute.Max">
            <summary>
            Indicates the maximum bound of the expected constant, inclusive.
            </summary>
        </member>
        <member name="T:System.Diagnostics.CodeAnalysis.DisallowNullAttribute">
            <summary>
            Specifies that null is disallowed as an input even if the corresponding type allows it.
            </summary>
        </member>
        <member name="T:System.Diagnostics.CodeAnalysis.DoesNotReturnAttribute">
            <summary>
            Applied to a method that will never return under any circumstance.
            </summary>
        </member>
        <member name="T:System.Diagnostics.CodeAnalysis.DoesNotReturnIfAttribute">
            <summary>
            Specifies that the method will not return if the associated Boolean parameter is passed the specified value.
            </summary>
        </member>
        <member name="M:System.Diagnostics.CodeAnalysis.DoesNotReturnIfAttribute.#ctor(System.Boolean)">
            <summary>
            Initializes the attribute with the specified parameter value.
            </summary>
            <param name="parameterValue">
            The condition parameter value. Code after the method will be considered unreachable
            by diagnostics if the argument to the associated parameter matches this value.
            </param>
        </member>
        <member name="P:System.Diagnostics.CodeAnalysis.DoesNotReturnIfAttribute.ParameterValue">
            <summary>
            Gets the condition parameter value.
            </summary>
        </member>
        <member name="T:System.Diagnostics.CodeAnalysis.ExperimentalAttribute">
            <summary>
            Indicates that an API is experimental and it may change in the future.
            </summary>
            <remarks>
            This attribute allows call sites to be flagged with a diagnostic that indicates that an experimental
            feature is used. Authors can use this attribute to ship preview features in their assemblies.
            </remarks>
        </member>
        <member name="M:System.Diagnostics.CodeAnalysis.ExperimentalAttribute.#ctor(System.String)">
            <summary>
            Initializes a new instance of the <see cref="T:System.Diagnostics.CodeAnalysis.ExperimentalAttribute"/> class,
            specifying the ID that the compiler will use when reporting a use of the API the attribute applies to.
            </summary>
            <param name="diagnosticId">The ID that the compiler will use when reporting a use of the API the attribute applies to.</param>
        </member>
        <member name="P:System.Diagnostics.CodeAnalysis.ExperimentalAttribute.DiagnosticId">
            <summary>
            Gets the ID that the compiler will use when reporting a use of the API the attribute applies to.
            </summary>
            <value>The unique diagnostic ID.</value>
            <remarks>
            The diagnostic ID is shown in build output for warnings and errors.
            <para>This property represents the unique ID that can be used to suppress the warnings or errors, if needed.</para>
            </remarks>
        </member>
        <member name="P:System.Diagnostics.CodeAnalysis.ExperimentalAttribute.UrlFormat">
            <summary>
            Gets or sets the URL for corresponding documentation.
            The API accepts a format string instead of an actual URL, creating a generic URL that includes the diagnostic ID.
            </summary>
            <value>The format string that represents a URL to corresponding documentation.</value>
            <remarks>An example format string is <c>https://contoso.com/obsoletion-warnings/{0}</c>.</remarks>
        </member>
        <member name="T:System.Diagnostics.CodeAnalysis.MaybeNullAttribute">
            <summary>
            Specifies that an output may be null even if the corresponding type disallows it.
            </summary>
        </member>
        <member name="T:System.Diagnostics.CodeAnalysis.MaybeNullWhenAttribute">
            <summary>
            Specifies that when a method returns <see cref="P:System.Diagnostics.CodeAnalysis.MaybeNullWhenAttribute.ReturnValue"/>, the parameter may be null even if the corresponding type disallows it.
            </summary>
        </member>
        <member name="M:System.Diagnostics.CodeAnalysis.MaybeNullWhenAttribute.#ctor(System.Boolean)">
            <summary>
            Initializes the attribute with the specified return value condition.
            </summary>
            <param name="returnValue">The return value condition. If the method returns this value, the associated parameter may be null.</param>
        </member>
        <member name="P:System.Diagnostics.CodeAnalysis.MaybeNullWhenAttribute.ReturnValue">
            <summary>
            Gets the return value condition.
            </summary>
        </member>
        <member name="T:System.Diagnostics.CodeAnalysis.MemberNotNullAttribute">
            <summary>
            Specifies that the method or property will ensure that the listed field and property members have not-null values.
            </summary>
        </member>
        <member name="M:System.Diagnostics.CodeAnalysis.MemberNotNullAttribute.#ctor(System.String)">
            <summary>
            Initializes the attribute with a field or property member.
            </summary>
            <param name="member">The field or property member that is promised to be not-null.</param>
        </member>
        <member name="M:System.Diagnostics.CodeAnalysis.MemberNotNullAttribute.#ctor(System.String[])">
            <summary>
            Initializes the attribute with the list of field and property members.
            </summary>
            <param name="members">The list of field and property members that are promised to be not-null.</param>
        </member>
        <member name="P:System.Diagnostics.CodeAnalysis.MemberNotNullAttribute.Members">
            <summary>
            Gets field or property member names.
            </summary>
        </member>
        <member name="T:System.Diagnostics.CodeAnalysis.MemberNotNullWhenAttribute">
            <summary>
            Specifies that the method or property will ensure that the listed field and property
            members have not-null values when returning with the specified return value condition.
            </summary>
        </member>
        <member name="M:System.Diagnostics.CodeAnalysis.MemberNotNullWhenAttribute.#ctor(System.Boolean,System.String)">
            <summary>
            Initializes the attribute with the specified return value condition and a field or property member.
            </summary>
            <param name="returnValue">The return value condition. If the method returns this value, the associated parameter will not be null.</param>
            <param name="member">The field or property member that is promised to be not-null.</param>
        </member>
        <member name="M:System.Diagnostics.CodeAnalysis.MemberNotNullWhenAttribute.#ctor(System.Boolean,System.String[])">
            <summary>
            Initializes the attribute with the specified return value condition and list of field and property members.
            </summary>
            <param name="returnValue">The return value condition. If the method returns this value, the associated parameter will not be null.</param>
            <param name="members">The list of field and property members that are promised to be not-null.</param>
        </member>
        <member name="P:System.Diagnostics.CodeAnalysis.MemberNotNullWhenAttribute.ReturnValue">
            <summary>
            Gets the return value condition.
            </summary>
        </member>
        <member name="P:System.Diagnostics.CodeAnalysis.MemberNotNullWhenAttribute.Members">
            <summary>
            Gets field or property member names.
            </summary>
        </member>
        <member name="T:System.Diagnostics.CodeAnalysis.NotNullAttribute">
            <summary>
            Specifies that an output will not be null even if the corresponding type allows it.
            Specifies that an input argument was not null when the call returns.
            </summary>
        </member>
        <member name="T:System.Diagnostics.CodeAnalysis.NotNullIfNotNullAttribute">
            <summary>
            Specifies that the output will be non-null if the named parameter is non-null.
            </summary>
        </member>
        <member name="M:System.Diagnostics.CodeAnalysis.NotNullIfNotNullAttribute.#ctor(System.String)">
            <summary>
            Initializes the attribute with the associated parameter name.
            </summary>
            <param name="parameterName">The associated parameter name. The output will be non-null if the argument to the parameter specified is non-null.</param>
        </member>
        <member name="P:System.Diagnostics.CodeAnalysis.NotNullIfNotNullAttribute.ParameterName">
            <summary>
            Gets the associated parameter name.
            </summary>
        </member>
        <member name="T:System.Diagnostics.CodeAnalysis.NotNullWhenAttribute">
            <summary>
            Specifies that when a method returns <see cref="P:System.Diagnostics.CodeAnalysis.NotNullWhenAttribute.ReturnValue"/>, the parameter will not be null even if the corresponding type allows it.
            </summary>
        </member>
        <member name="M:System.Diagnostics.CodeAnalysis.NotNullWhenAttribute.#ctor(System.Boolean)">
            <summary>
            Initializes the attribute with the specified return value condition.
            </summary>
            <param name="returnValue">The return value condition. If the method returns this value, the associated parameter will not be null.</param>
        </member>
        <member name="P:System.Diagnostics.CodeAnalysis.NotNullWhenAttribute.ReturnValue">
            <summary>Gets the return value condition.</summary>
        </member>
        <member name="T:System.Diagnostics.CodeAnalysis.SetsRequiredMembersAttribute">
            <summary>
            Specifies that this constructor sets all required members for the current type,
            and callers do not need to set any required members themselves.
            </summary>
        </member>
        <member name="T:System.Diagnostics.CodeAnalysis.StringSyntaxAttribute">
            <summary>
            Specifies the syntax used in a string.
            </summary>
        </member>
        <member name="M:System.Diagnostics.CodeAnalysis.StringSyntaxAttribute.#ctor(System.String)">
            <summary>
            Initializes the <see cref="T:System.Diagnostics.CodeAnalysis.StringSyntaxAttribute"/> with the identifier of the syntax used.
            </summary>
            <param name="syntax">The syntax identifier.</param>
        </member>
        <member name="M:System.Diagnostics.CodeAnalysis.StringSyntaxAttribute.#ctor(System.String,System.Object[])">
            <summary>Initializes the <see cref="T:System.Diagnostics.CodeAnalysis.StringSyntaxAttribute"/> with the identifier of the syntax used.</summary>
            <param name="syntax">The syntax identifier.</param>
            <param name="arguments">Optional arguments associated with the specific syntax employed.</param>
        </member>
        <member name="P:System.Diagnostics.CodeAnalysis.StringSyntaxAttribute.Syntax">
            <summary>Gets the identifier of the syntax used.</summary>
        </member>
        <member name="P:System.Diagnostics.CodeAnalysis.StringSyntaxAttribute.Arguments">
            <summary>Optional arguments associated with the specific syntax employed.</summary>
        </member>
        <member name="F:System.Diagnostics.CodeAnalysis.StringSyntaxAttribute.CompositeFormat">
            <summary>The syntax identifier for strings containing composite formats for string formatting.</summary>
        </member>
        <member name="F:System.Diagnostics.CodeAnalysis.StringSyntaxAttribute.DateOnlyFormat">
            <summary>The syntax identifier for strings containing date format specifiers.</summary>
        </member>
        <member name="F:System.Diagnostics.CodeAnalysis.StringSyntaxAttribute.DateTimeFormat">
            <summary>The syntax identifier for strings containing date and time format specifiers.</summary>
        </member>
        <member name="F:System.Diagnostics.CodeAnalysis.StringSyntaxAttribute.EnumFormat">
            <summary>The syntax identifier for strings containing <see cref="T:System.Enum"/> format specifiers.</summary>
        </member>
        <member name="F:System.Diagnostics.CodeAnalysis.StringSyntaxAttribute.GuidFormat">
            <summary>The syntax identifier for strings containing <see cref="T:System.Guid"/> format specifiers.</summary>
        </member>
        <member name="F:System.Diagnostics.CodeAnalysis.StringSyntaxAttribute.Json">
            <summary>The syntax identifier for strings containing JavaScript Object Notation (JSON).</summary>
        </member>
        <member name="F:System.Diagnostics.CodeAnalysis.StringSyntaxAttribute.NumericFormat">
            <summary>The syntax identifier for strings containing numeric format specifiers.</summary>
        </member>
        <member name="F:System.Diagnostics.CodeAnalysis.StringSyntaxAttribute.Regex">
            <summary>The syntax identifier for strings containing regular expressions.</summary>
        </member>
        <member name="F:System.Diagnostics.CodeAnalysis.StringSyntaxAttribute.TimeOnlyFormat">
            <summary>The syntax identifier for strings containing time format specifiers.</summary>
        </member>
        <member name="F:System.Diagnostics.CodeAnalysis.StringSyntaxAttribute.TimeSpanFormat">
            <summary>The syntax identifier for strings containing <see cref="T:System.TimeSpan"/> format specifiers.</summary>
        </member>
        <member name="F:System.Diagnostics.CodeAnalysis.StringSyntaxAttribute.Uri">
            <summary>The syntax identifier for strings containing URIs.</summary>
        </member>
        <member name="F:System.Diagnostics.CodeAnalysis.StringSyntaxAttribute.Xml">
            <summary>The syntax identifier for strings containing XML.</summary>
        </member>
        <member name="T:System.Diagnostics.CodeAnalysis.UnscopedRefAttribute">
            <summary>
            Used to indicate a byref escapes and is not scoped.
            </summary>
            <remarks>
            <para>
            There are several cases where the C# compiler treats a <see langword="ref"/> as implicitly
            <see langword="scoped"/> - where the compiler does not allow the <see langword="ref"/> to escape the method.
            </para>
            <para>
            For example:
            <list type="number">
                <item><see langword="this"/> for <see langword="struct"/> instance methods.</item>
                <item><see langword="ref"/> parameters that refer to <see langword="ref"/> <see langword="struct"/> types.</item>
                <item><see langword="out"/> parameters.</item>
            </list>
            </para>
            <para>
            This attribute is used in those instances where the <see langword="ref"/> should be allowed to escape.
            </para>
            <para>
            Applying this attribute, in any form, has impact on consumers of the applicable API. It is necessary for
            API authors to understand the lifetime implications of applying this attribute and how it may impact their users.
            </para>
            </remarks>
        </member>
        <member name="T:System.Index">
            <summary>Represent a type can be used to index a collection either from the start or the end.</summary>
            <remarks>
            Index is used by the C# compiler to support the new index syntax
            <code>
            int[] someArray = new int[5] { 1, 2, 3, 4, 5 } ;
            int lastElement = someArray[^1]; // lastElement = 5
            </code>
            </remarks>
        </member>
        <member name="M:System.Index.#ctor(System.Int32,System.Boolean)">
            <summary>Construct an Index using a value and indicating if the index is from the start or from the end.</summary>
            <param name="value">The index value. it has to be zero or positive number.</param>
            <param name="fromEnd">Indicating if the index is from the start or from the end.</param>
            <remarks>
            If the Index constructed from the end, index value 1 means pointing at the last element and index value 0 means pointing at beyond last element.
            </remarks>
        </member>
        <member name="P:System.Index.Start">
            <summary>Create an Index pointing at first element.</summary>
        </member>
        <member name="P:System.Index.End">
            <summary>Create an Index pointing at beyond last element.</summary>
        </member>
        <member name="M:System.Index.FromStart(System.Int32)">
            <summary>Create an Index from the start at the position indicated by the value.</summary>
            <param name="value">The index value from the start.</param>
        </member>
        <member name="M:System.Index.FromEnd(System.Int32)">
            <summary>Create an Index from the end at the position indicated by the value.</summary>
            <param name="value">The index value from the end.</param>
        </member>
        <member name="P:System.Index.Value">
            <summary>Returns the index value.</summary>
        </member>
        <member name="P:System.Index.IsFromEnd">
            <summary>Indicates whether the index is from the start or the end.</summary>
        </member>
        <member name="M:System.Index.GetOffset(System.Int32)">
            <summary>Calculate the offset from the start using the giving collection length.</summary>
            <param name="length">The length of the collection that the Index will be used with. length has to be a positive value</param>
            <remarks>
            For performance reason, we don't validate the input length parameter and the returned offset value against negative values.
            we don't validate either the returned offset is greater than the input length.
            It is expected Index will be used with collections which always have non negative length/count. If the returned offset is negative and
            then used to index a collection will get out of range exception which will be same affect as the validation.
            </remarks>
        </member>
        <member name="M:System.Index.Equals(System.Object)">
            <summary>Indicates whether the current Index object is equal to another object of the same type.</summary>
            <param name="value">An object to compare with this object</param>
        </member>
        <member name="M:System.Index.Equals(System.Index)">
            <summary>Indicates whether the current Index object is equal to another Index object.</summary>
            <param name="other">An object to compare with this object</param>
        </member>
        <member name="M:System.Index.GetHashCode">
            <summary>Returns the hash code for this instance.</summary>
        </member>
        <member name="M:System.Index.op_Implicit(System.Int32)~System.Index">
            <summary>Converts integer number to an Index.</summary>
        </member>
        <member name="M:System.Index.ToString">
            <summary>Converts the value of the current Index object to its equivalent string representation.</summary>
        </member>
        <member name="T:System.Range">
            <summary>Represent a range has start and end indexes.</summary>
            <remarks>
            Range is used by the C# compiler to support the range syntax.
            <code>
            int[] someArray = new int[5] { 1, 2, 3, 4, 5 };
            int[] subArray1 = someArray[0..2]; // { 1, 2 }
            int[] subArray2 = someArray[1..^0]; // { 2, 3, 4, 5 }
            </code>
            </remarks>
        </member>
        <member name="P:System.Range.Start">
            <summary>Represent the inclusive start index of the Range.</summary>
        </member>
        <member name="P:System.Range.End">
            <summary>Represent the exclusive end index of the Range.</summary>
        </member>
        <member name="M:System.Range.#ctor(System.Index,System.Index)">
            <summary>Construct a Range object using the start and end indexes.</summary>
            <param name="start">Represent the inclusive start index of the range.</param>
            <param name="end">Represent the exclusive end index of the range.</param>
        </member>
        <member name="M:System.Range.Equals(System.Object)">
            <summary>Indicates whether the current Range object is equal to another object of the same type.</summary>
            <param name="value">An object to compare with this object</param>
        </member>
        <member name="M:System.Range.Equals(System.Range)">
            <summary>Indicates whether the current Range object is equal to another Range object.</summary>
            <param name="other">An object to compare with this object</param>
        </member>
        <member name="M:System.Range.GetHashCode">
            <summary>Returns the hash code for this instance.</summary>
        </member>
        <member name="M:System.Range.ToString">
            <summary>Converts the value of the current Range object to its equivalent string representation.</summary>
        </member>
        <member name="M:System.Range.StartAt(System.Index)">
            <summary>Create a Range object starting from start index to the end of the collection.</summary>
        </member>
        <member name="M:System.Range.EndAt(System.Index)">
            <summary>Create a Range object starting from first element in the collection to the end Index.</summary>
        </member>
        <member name="P:System.Range.All">
            <summary>Create a Range object starting from first element to the end.</summary>
        </member>
        <member name="M:System.Range.GetOffsetAndLength(System.Int32)">
            <summary>Calculate the start offset and length of range object using a collection length.</summary>
            <param name="length">The length of the collection that the range will be used with. length has to be a positive value.</param>
            <remarks>
            For performance reason, we don't validate the input length parameter against negative values.
            It is expected Range will be used with collections which always have non negative length/count.
            We validate the range is inside the length scope though.
            </remarks>
        </member>
    </members>
</doc>
